product,revenue_x,region,date,quantity,price,revenue_y
Headphones,765460.42,East,2025-01-03,9,1078.08,9702.72
Headphones,765460.42,South,2025-01-03,4,57.68,230.72
Headphones,765460.42,East,2025-01-04,1,215.39,215.39
Headphones,765460.42,South,2025-01-05,6,67.83,406.98
Headphones,765460.42,North,2025-01-05,1,1036.84,1036.84
Headphones,765460.42,West,2025-01-09,10,891.94,8919.400000000001
Headphones,765460.42,South,2025-01-10,5,673.84,3369.2000000000003
Headphones,765460.42,South,2025-01-10,2,953.68,1907.36
Headphones,765460.42,South,2025-01-10,2,558.01,1116.02
Headphones,765460.42,North,2025-01-11,9,416.4,3747.6
Headphones,765460.42,East,2025-01-12,9,1055.3,9497.699999999999
Headphones,765460.42,West,2025-01-12,6,452.73,2716.38
Headphones,765460.42,West,2025-01-14,5,470.77,2353.85
Headphones,765460.42,North,2025-01-17,3,1131.89,3395.67
Headphones,765460.42,East,2025-01-18,1,840.1,840.1
Headphones,765460.42,North,2025-01-18,4,455.49,1821.96
Headphones,765460.42,South,2025-01-20,8,954.71,7637.68
Headphones,765460.42,South,2025-01-21,1,1141.06,1141.06
Headphones,765460.42,West,2025-01-25,5,739.74,3698.7
Headphones,765460.42,North,2025-01-26,10,952.86,9528.6
Headphones,765460.42,South,2025-02-04,5,995.87,4979.35
Headphones,765460.42,South,2025-02-05,5,310.22,1551.1000000000001
Headphones,765460.42,East,2025-02-05,5,892.28,4461.4
Headphones,765460.42,East,2025-02-06,10,527.94,5279.400000000001
Headphones,765460.42,West,2025-02-07,10,752.39,7523.9
Headphones,765460.42,East,2025-02-10,9,1162.11,10458.99
Headphones,765460.42,East,2025-02-10,3,61.6,184.8
Headphones,765460.42,East,2025-02-12,9,622.75,5604.75
Headphones,765460.42,East,2025-02-16,6,624.35,3746.1000000000004
Headphones,765460.42,South,2025-02-16,10,794.64,7946.4
Headphones,765460.42,East,2025-02-18,8,138.13,1105.04
Headphones,765460.42,West,2025-02-19,4,517.54,2070.16
Headphones,765460.42,North,2025-02-24,7,584.81,4093.6699999999996
Headphones,765460.42,North,2025-02-25,6,816.79,4900.74
Headphones,765460.42,West,2025-02-27,6,711.72,4270.32
Headphones,765460.42,South,2025-03-01,9,784.89,7064.01
Headphones,765460.42,East,2025-03-06,6,761.31,4567.86
Headphones,765460.42,South,2025-03-07,9,922.01,8298.09
Headphones,765460.42,West,2025-03-11,10,498.64,4986.4
Headphones,765460.42,East,2025-03-13,6,316.86,1901.16
Headphones,765460.42,West,2025-03-15,1,207.65,207.65
Headphones,765460.42,North,2025-03-19,2,456.75,913.5
Headphones,765460.42,North,2025-03-19,3,139.29,417.87
Headphones,765460.42,West,2025-03-23,10,981.8,9818.0
Headphones,765460.42,North,2025-03-23,10,782.66,7826.599999999999
Headphones,765460.42,North,2025-03-25,6,1010.72,6064.32
Headphones,765460.42,West,2025-03-27,1,639.86,639.86
Headphones,765460.42,East,2025-03-28,8,661.82,5294.56
Headphones,765460.42,North,2025-03-31,5,1132.46,5662.3
Headphones,765460.42,South,2025-04-02,2,1129.18,2258.36
Headphones,765460.42,South,2025-04-03,10,1149.77,11497.7
Headphones,765460.42,West,2025-04-10,1,878.65,878.65
Headphones,765460.42,South,2025-04-11,6,370.24,2221.44
Headphones,765460.42,South,2025-04-12,3,682.05,2046.1499999999999
Headphones,765460.42,North,2025-04-13,3,706.84,2120.52
Headphones,765460.42,West,2025-04-15,10,676.18,6761.799999999999
Headphones,765460.42,West,2025-04-15,5,78.71,393.54999999999995
Headphones,765460.42,North,2025-04-16,2,891.01,1782.02
Headphones,765460.42,North,2025-04-17,4,460.28,1841.12
Headphones,765460.42,South,2025-04-18,5,1053.53,5267.65
Headphones,765460.42,South,2025-04-18,2,340.54,681.08
Headphones,765460.42,West,2025-04-19,2,526.33,1052.66
Headphones,765460.42,West,2025-04-20,10,568.39,5683.9
Headphones,765460.42,South,2025-04-21,10,109.69,1096.9
Headphones,765460.42,South,2025-04-21,6,1183.1,7098.599999999999
Headphones,765460.42,North,2025-04-23,9,1026.96,9242.64
Headphones,765460.42,East,2025-04-24,9,679.32,6113.88
Headphones,765460.42,North,2025-04-27,3,343.61,1030.83
Headphones,765460.42,East,2025-04-28,9,173.12,1558.08
Headphones,765460.42,East,2025-04-28,9,216.05,1944.45
Headphones,765460.42,West,2025-04-29,1,980.72,980.72
Headphones,765460.42,North,2025-04-29,1,689.92,689.92
Headphones,765460.42,North,2025-04-30,8,573.1,4584.8
Headphones,765460.42,South,2025-05-02,9,929.93,8369.369999999999
Headphones,765460.42,South,2025-05-02,3,226.88,680.64
Headphones,765460.42,West,2025-05-03,8,1003.8,8030.4
Headphones,765460.42,South,2025-05-04,6,142.26,853.56
Headphones,765460.42,West,2025-05-06,6,300.6,1803.6000000000001
Headphones,765460.42,East,2025-05-08,2,997.33,1994.66
Headphones,765460.42,North,2025-05-09,8,838.56,6708.48
Headphones,765460.42,South,2025-05-10,2,707.7,1415.4
Headphones,765460.42,North,2025-05-10,5,1096.74,5483.7
Headphones,765460.42,East,2025-05-10,3,620.06,1860.1799999999998
Headphones,765460.42,South,2025-05-10,6,281.22,1687.3200000000002
Headphones,765460.42,West,2025-05-13,9,303.56,2732.04
Headphones,765460.42,South,2025-05-15,7,640.93,4486.509999999999
Headphones,765460.42,North,2025-05-18,8,486.0,3888.0
Headphones,765460.42,North,2025-05-21,5,782.28,3911.3999999999996
Headphones,765460.42,North,2025-05-23,8,105.96,847.68
Headphones,765460.42,East,2025-05-24,2,661.31,1322.62
Headphones,765460.42,South,2025-05-25,9,751.08,6759.72
Headphones,765460.42,North,2025-05-26,6,1067.71,6406.26
Headphones,765460.42,North,2025-05-29,6,984.62,5907.72
Headphones,765460.42,East,2025-05-29,8,954.31,7634.48
Headphones,765460.42,East,2025-05-29,1,1048.67,1048.67
Headphones,765460.42,East,2025-05-31,2,130.5,261.0
Headphones,765460.42,North,2025-06-01,8,1133.91,9071.28
Headphones,765460.42,East,2025-06-01,7,761.84,5332.88
Headphones,765460.42,North,2025-06-05,8,538.49,4307.92
Headphones,765460.42,South,2025-06-09,2,916.94,1833.88
Headphones,765460.42,West,2025-06-09,9,947.64,8528.76
Headphones,765460.42,South,2025-06-10,9,298.47,2686.2300000000005
Headphones,765460.42,North,2025-06-10,4,442.64,1770.56
Headphones,765460.42,East,2025-06-10,2,68.47,136.94
Headphones,765460.42,East,2025-06-10,8,640.37,5122.96
Headphones,765460.42,South,2025-06-12,3,362.15,1086.4499999999998
Headphones,765460.42,West,2025-06-12,2,672.89,1345.78
Headphones,765460.42,East,2025-06-13,8,1199.48,9595.84
Headphones,765460.42,South,2025-06-13,10,1141.58,11415.8
Headphones,765460.42,South,2025-06-15,6,288.33,1729.98
Headphones,765460.42,East,2025-06-16,8,522.76,4182.08
Headphones,765460.42,West,2025-06-18,4,1171.68,4686.72
Headphones,765460.42,North,2025-06-19,1,82.56,82.56
Headphones,765460.42,West,2025-06-22,6,963.65,5781.9
Headphones,765460.42,West,2025-06-23,2,145.14,290.28
Headphones,765460.42,East,2025-06-27,5,896.66,4483.3
Headphones,765460.42,West,2025-06-29,6,1006.07,6036.42
Headphones,765460.42,West,2025-07-02,3,410.14,1230.42
Headphones,765460.42,West,2025-07-02,2,152.34,304.68
Headphones,765460.42,East,2025-07-07,7,612.78,4289.46
Headphones,765460.42,North,2025-07-07,10,1007.76,10077.6
Headphones,765460.42,North,2025-07-11,1,247.15,247.15
Headphones,765460.42,East,2025-07-19,2,280.64,561.28
Headphones,765460.42,East,2025-07-21,5,976.72,4883.6
Headphones,765460.42,West,2025-07-22,6,858.04,5148.24
Headphones,765460.42,North,2025-07-26,1,85.49,85.49
Headphones,765460.42,South,2025-08-01,9,686.39,6177.51
Headphones,765460.42,West,2025-08-07,4,827.54,3310.16
Headphones,765460.42,West,2025-08-08,1,240.93,240.93
Headphones,765460.42,South,2025-08-12,8,1140.78,9126.24
Headphones,765460.42,North,2025-08-18,1,715.67,715.67
Headphones,765460.42,North,2025-08-30,8,788.96,6311.68
Headphones,765460.42,North,2025-08-30,7,559.52,3916.64
Headphones,765460.42,West,2025-09-01,10,649.23,6492.3
Headphones,765460.42,South,2025-09-08,8,278.26,2226.08
Headphones,765460.42,West,2025-09-08,6,626.25,3757.5
Headphones,765460.42,North,2025-09-10,1,1048.94,1048.94
Headphones,765460.42,South,2025-09-10,2,551.88,1103.76
Headphones,765460.42,North,2025-09-11,8,451.22,3609.76
Headphones,765460.42,South,2025-09-11,6,393.69,2362.14
Headphones,765460.42,East,2025-09-13,7,896.68,6276.759999999999
Headphones,765460.42,West,2025-09-16,5,75.46,377.29999999999995
Headphones,765460.42,North,2025-09-18,6,777.07,4662.42
Headphones,765460.42,South,2025-09-18,10,437.51,4375.1
Headphones,765460.42,East,2025-09-23,2,359.37,718.74
Headphones,765460.42,South,2025-09-24,3,641.33,1923.9900000000002
Headphones,765460.42,North,2025-09-28,2,814.74,1629.48
Headphones,765460.42,East,2025-09-28,3,281.26,843.78
Headphones,765460.42,East,2025-09-28,6,1181.87,7091.219999999999
Headphones,765460.42,North,2025-10-08,9,1040.74,9366.66
Headphones,765460.42,East,2025-10-09,8,112.55,900.4
Headphones,765460.42,North,2025-10-09,1,768.99,768.99
Headphones,765460.42,West,2025-10-11,4,733.2,2932.8
Headphones,765460.42,South,2025-10-12,5,405.16,2025.8000000000002
Headphones,765460.42,West,2025-10-12,8,371.33,2970.64
Headphones,765460.42,West,2025-10-14,9,1068.46,9616.14
Headphones,765460.42,West,2025-10-15,9,408.44,3675.96
Headphones,765460.42,West,2025-10-15,3,802.92,2408.7599999999998
Headphones,765460.42,South,2025-10-15,9,561.02,5049.18
Headphones,765460.42,East,2025-10-16,6,907.62,5445.72
Headphones,765460.42,East,2025-10-18,10,494.61,4946.1
Headphones,765460.42,East,2025-10-18,1,929.52,929.52
Headphones,765460.42,East,2025-10-18,8,1067.03,8536.24
Headphones,765460.42,South,2025-10-19,4,1000.61,4002.44
Headphones,765460.42,East,2025-10-20,2,1015.61,2031.22
Headphones,765460.42,West,2025-10-25,8,1102.55,8820.4
Headphones,765460.42,North,2025-10-28,2,50.51,101.02
Headphones,765460.42,East,2025-10-29,3,728.44,2185.32
Headphones,765460.42,South,2025-10-30,9,303.56,2732.04
Headphones,765460.42,North,2025-10-30,5,639.64,3198.2
Headphones,765460.42,East,2025-10-31,9,884.58,7961.22
Headphones,765460.42,East,2025-11-01,6,974.05,5844.299999999999
Headphones,765460.42,East,2025-11-01,5,390.0,1950.0
Headphones,765460.42,North,2025-11-01,7,654.62,4582.34
Headphones,765460.42,West,2025-11-06,8,267.51,2140.08
Headphones,765460.42,West,2025-11-07,5,871.84,4359.2
Headphones,765460.42,East,2025-11-08,8,191.91,1535.28
Headphones,765460.42,North,2025-11-11,8,468.38,3747.04
Headphones,765460.42,North,2025-11-12,3,539.98,1619.94
Headphones,765460.42,East,2025-11-14,4,1154.19,4616.76
Headphones,765460.42,South,2025-11-16,8,834.48,6675.84
Headphones,765460.42,East,2025-11-16,8,1136.37,9090.96
Headphones,765460.42,West,2025-11-19,7,65.24,456.67999999999995
Headphones,765460.42,South,2025-11-19,8,486.11,3888.88
Headphones,765460.42,North,2025-11-21,8,581.75,4654.0
Headphones,765460.42,East,2025-11-22,9,426.1,3834.9
Headphones,765460.42,West,2025-11-24,4,939.05,3756.2
Headphones,765460.42,West,2025-11-30,2,269.33,538.66
Headphones,765460.42,South,2025-12-02,5,150.68,753.4000000000001
Headphones,765460.42,West,2025-12-02,2,989.84,1979.68
Headphones,765460.42,North,2025-12-06,8,1061.24,8489.92
Headphones,765460.42,East,2025-12-07,3,409.79,1229.3700000000001
Headphones,765460.42,West,2025-12-11,4,507.07,2028.28
Headphones,765460.42,West,2025-12-15,10,299.82,2998.2
Headphones,765460.42,West,2025-12-16,4,359.17,1436.68
Headphones,765460.42,North,2025-12-20,7,390.05,2730.35
Headphones,765460.42,South,2025-12-21,4,566.45,2265.8
Headphones,765460.42,South,2025-12-22,9,674.47,6070.2300000000005
Headphones,765460.42,South,2025-12-22,2,721.15,1442.3
Headphones,765460.42,West,2025-12-26,3,64.98,194.94
Headphones,765460.42,South,2025-12-27,5,424.04,2120.2000000000003
Headphones,765460.42,West,2025-12-30,5,1089.32,5446.599999999999
Headphones,765460.42,South,2025-12-30,8,98.28,786.24
Headphones,765460.42,West,2025-12-31,8,1114.35,8914.8
Laptop,757972.29,West,2025-01-01,4,952.59,3810.36
Laptop,757972.29,East,2025-01-01,5,550.62,2753.1
Laptop,757972.29,North,2025-01-08,6,1067.27,6403.62
Laptop,757972.29,South,2025-01-10,2,1008.86,2017.72
Laptop,757972.29,East,2025-01-12,10,513.18,5131.799999999999
Laptop,757972.29,North,2025-01-14,3,527.04,1581.12
Laptop,757972.29,East,2025-01-14,6,927.33,5563.9800000000005
Laptop,757972.29,West,2025-01-19,8,550.99,4407.92
Laptop,757972.29,West,2025-01-20,6,186.71,1120.26
Laptop,757972.29,South,2025-01-20,5,793.59,3967.9500000000003
Laptop,757972.29,North,2025-01-20,9,916.79,8251.11
Laptop,757972.29,West,2025-01-21,1,978.27,978.27
Laptop,757972.29,East,2025-01-22,4,684.79,2739.16
Laptop,757972.29,West,2025-01-24,6,425.29,2551.7400000000002
Laptop,757972.29,West,2025-01-27,1,138.72,138.72
Laptop,757972.29,West,2025-01-28,3,990.73,2972.19
Laptop,757972.29,West,2025-01-30,3,637.15,1911.4499999999998
Laptop,757972.29,West,2025-02-03,3,1170.38,3511.1400000000003
Laptop,757972.29,South,2025-02-07,9,659.36,5934.24
Laptop,757972.29,West,2025-02-08,2,591.5,1183.0
Laptop,757972.29,South,2025-02-11,3,570.85,1712.5500000000002
Laptop,757972.29,North,2025-02-12,8,844.89,6759.12
Laptop,757972.29,East,2025-02-13,5,713.11,3565.55
Laptop,757972.29,South,2025-02-16,10,119.11,1191.1
Laptop,757972.29,North,2025-02-18,9,436.02,3924.18
Laptop,757972.29,South,2025-02-21,8,68.19,545.52
Laptop,757972.29,East,2025-02-24,7,531.37,3719.59
Laptop,757972.29,West,2025-02-26,1,703.73,703.73
Laptop,757972.29,South,2025-03-01,10,1000.46,10004.6
Laptop,757972.29,North,2025-03-01,5,1071.73,5358.65
Laptop,757972.29,North,2025-03-02,8,1044.71,8357.68
Laptop,757972.29,North,2025-03-03,8,892.95,7143.6
Laptop,757972.29,West,2025-03-04,1,567.63,567.63
Laptop,757972.29,South,2025-03-05,1,864.76,864.76
Laptop,757972.29,North,2025-03-07,8,857.86,6862.88
Laptop,757972.29,East,2025-03-07,8,87.73,701.84
Laptop,757972.29,South,2025-03-08,5,346.97,1734.8500000000001
Laptop,757972.29,South,2025-03-14,4,1030.47,4121.88
Laptop,757972.29,South,2025-03-17,3,479.25,1437.75
Laptop,757972.29,North,2025-03-21,4,1123.61,4494.44
Laptop,757972.29,West,2025-03-25,7,677.42,4741.94
Laptop,757972.29,North,2025-03-25,6,891.48,5348.88
Laptop,757972.29,North,2025-03-30,6,155.91,935.46
Laptop,757972.29,South,2025-04-07,10,825.4,8254.0
Laptop,757972.29,West,2025-04-08,4,644.31,2577.24
Laptop,757972.29,West,2025-04-11,4,680.24,2720.96
Laptop,757972.29,South,2025-04-12,9,639.13,5752.17
Laptop,757972.29,East,2025-04-16,3,854.66,2563.98
Laptop,757972.29,South,2025-04-17,8,566.14,4529.12
Laptop,757972.29,West,2025-04-18,7,109.68,767.76
Laptop,757972.29,North,2025-04-19,2,743.5,1487.0
Laptop,757972.29,South,2025-04-20,8,754.1,6032.8
Laptop,757972.29,North,2025-04-21,2,928.12,1856.24
Laptop,757972.29,East,2025-04-21,9,914.43,8229.869999999999
Laptop,757972.29,West,2025-04-23,6,921.08,5526.4800000000005
Laptop,757972.29,West,2025-04-23,9,838.2,7543.8
Laptop,757972.29,North,2025-04-24,3,888.62,2665.86
Laptop,757972.29,North,2025-04-27,5,554.14,2770.7
Laptop,757972.29,North,2025-04-28,9,794.94,7154.460000000001
Laptop,757972.29,South,2025-04-28,2,888.88,1777.76
Laptop,757972.29,South,2025-04-29,2,1125.24,2250.48
Laptop,757972.29,West,2025-04-30,6,190.34,1142.04
Laptop,757972.29,East,2025-05-01,3,915.53,2746.59
Laptop,757972.29,South,2025-05-01,7,1168.28,8177.96
Laptop,757972.29,South,2025-05-04,8,449.12,3592.96
Laptop,757972.29,West,2025-05-05,5,578.07,2890.3500000000004
Laptop,757972.29,South,2025-05-06,9,664.43,5979.87
Laptop,757972.29,West,2025-05-10,4,527.22,2108.88
Laptop,757972.29,West,2025-05-11,4,885.76,3543.04
Laptop,757972.29,West,2025-05-12,3,375.8,1127.4
Laptop,757972.29,North,2025-05-12,8,775.31,6202.48
Laptop,757972.29,East,2025-05-13,3,129.73,389.18999999999994
Laptop,757972.29,South,2025-05-16,10,228.91,2289.1
Laptop,757972.29,North,2025-05-18,7,1089.09,7623.629999999999
Laptop,757972.29,West,2025-05-21,6,665.28,3991.68
Laptop,757972.29,South,2025-05-22,6,948.15,5688.9
Laptop,757972.29,East,2025-05-24,8,483.01,3864.08
Laptop,757972.29,North,2025-05-25,8,746.33,5970.64
Laptop,757972.29,West,2025-05-25,5,283.95,1419.75
Laptop,757972.29,North,2025-05-26,6,939.71,5638.26
Laptop,757972.29,East,2025-05-27,7,1188.6,8320.199999999999
Laptop,757972.29,North,2025-05-28,9,267.8,2410.2000000000003
Laptop,757972.29,West,2025-05-29,6,806.79,4840.74
Laptop,757972.29,South,2025-05-29,5,1025.12,5125.599999999999
Laptop,757972.29,East,2025-05-31,8,997.98,7983.84
Laptop,757972.29,East,2025-06-01,2,511.08,1022.16
Laptop,757972.29,North,2025-06-03,8,520.09,4160.72
Laptop,757972.29,North,2025-06-03,9,1126.71,10140.39
Laptop,757972.29,East,2025-06-05,7,446.29,3124.03
Laptop,757972.29,South,2025-06-06,8,1097.84,8782.72
Laptop,757972.29,West,2025-06-07,7,97.72,684.04
Laptop,757972.29,South,2025-06-07,4,432.99,1731.96
Laptop,757972.29,North,2025-06-13,5,691.62,3458.1
Laptop,757972.29,North,2025-06-16,4,447.01,1788.04
Laptop,757972.29,North,2025-06-23,1,195.31,195.31
Laptop,757972.29,West,2025-06-24,9,903.91,8135.19
Laptop,757972.29,North,2025-06-25,3,688.82,2066.46
Laptop,757972.29,East,2025-06-28,10,949.5,9495.0
Laptop,757972.29,North,2025-07-02,9,784.07,7056.63
Laptop,757972.29,North,2025-07-02,8,1113.8,8910.4
Laptop,757972.29,West,2025-07-03,7,1129.73,7908.110000000001
Laptop,757972.29,West,2025-07-05,6,375.22,2251.32
Laptop,757972.29,East,2025-07-10,5,466.8,2334.0
Laptop,757972.29,East,2025-07-11,4,63.2,252.8
Laptop,757972.29,North,2025-07-15,1,776.79,776.79
Laptop,757972.29,North,2025-07-17,2,566.1,1132.2
Laptop,757972.29,West,2025-07-18,10,698.21,6982.1
Laptop,757972.29,North,2025-07-19,9,916.63,8249.67
Laptop,757972.29,North,2025-07-23,5,257.23,1286.15
Laptop,757972.29,North,2025-07-25,5,193.04,965.1999999999999
Laptop,757972.29,South,2025-07-30,7,739.57,5176.990000000001
Laptop,757972.29,North,2025-08-01,2,618.27,1236.54
Laptop,757972.29,North,2025-08-06,3,545.12,1635.3600000000001
Laptop,757972.29,North,2025-08-09,4,493.46,1973.84
Laptop,757972.29,West,2025-08-10,4,68.2,272.8
Laptop,757972.29,South,2025-08-13,8,582.79,4662.32
Laptop,757972.29,South,2025-08-14,1,1002.33,1002.33
Laptop,757972.29,South,2025-08-14,4,1133.93,4535.72
Laptop,757972.29,West,2025-08-15,6,436.41,2618.46
Laptop,757972.29,East,2025-08-16,6,732.87,4397.22
Laptop,757972.29,South,2025-08-16,8,296.87,2374.96
Laptop,757972.29,South,2025-08-17,2,545.78,1091.56
Laptop,757972.29,East,2025-08-18,9,523.64,4712.76
Laptop,757972.29,East,2025-08-20,4,433.48,1733.92
Laptop,757972.29,East,2025-08-20,1,525.9,525.9
Laptop,757972.29,South,2025-08-20,9,901.65,8114.849999999999
Laptop,757972.29,West,2025-08-21,7,98.69,690.8299999999999
Laptop,757972.29,North,2025-08-28,9,678.71,6108.39
Laptop,757972.29,South,2025-08-28,1,55.78,55.78
Laptop,757972.29,North,2025-08-30,6,686.39,4118.34
Laptop,757972.29,West,2025-09-02,7,285.11,1995.77
Laptop,757972.29,North,2025-09-03,1,159.31,159.31
Laptop,757972.29,North,2025-09-05,1,289.15,289.15
Laptop,757972.29,North,2025-09-07,2,285.13,570.26
Laptop,757972.29,North,2025-09-08,10,570.74,5707.4
Laptop,757972.29,South,2025-09-09,8,909.96,7279.68
Laptop,757972.29,East,2025-09-11,5,386.39,1931.9499999999998
Laptop,757972.29,West,2025-09-11,5,353.61,1768.0500000000002
Laptop,757972.29,East,2025-09-15,3,649.84,1949.52
Laptop,757972.29,East,2025-09-17,6,56.58,339.48
Laptop,757972.29,East,2025-09-17,1,585.7,585.7
Laptop,757972.29,West,2025-09-17,6,1100.22,6601.32
Laptop,757972.29,South,2025-09-19,6,469.01,2814.06
Laptop,757972.29,North,2025-09-20,3,341.36,1024.08
Laptop,757972.29,North,2025-09-20,9,955.48,8599.32
Laptop,757972.29,East,2025-09-21,3,1103.02,3309.06
Laptop,757972.29,North,2025-09-22,5,1129.92,5649.6
Laptop,757972.29,South,2025-09-23,7,1184.74,8293.18
Laptop,757972.29,South,2025-09-25,3,804.46,2413.38
Laptop,757972.29,North,2025-09-27,3,203.7,611.0999999999999
Laptop,757972.29,East,2025-09-30,10,415.82,4158.2
Laptop,757972.29,East,2025-10-03,9,758.3,6824.7
Laptop,757972.29,West,2025-10-05,6,1190.54,7143.24
Laptop,757972.29,North,2025-10-05,10,692.58,6925.8
Laptop,757972.29,East,2025-10-06,9,515.25,4637.25
Laptop,757972.29,East,2025-10-09,5,383.53,1917.6499999999999
Laptop,757972.29,North,2025-10-10,5,614.38,3071.9
Laptop,757972.29,East,2025-10-11,1,247.9,247.9
Laptop,757972.29,East,2025-10-12,7,821.71,5751.97
Laptop,757972.29,North,2025-10-13,8,904.54,7236.32
Laptop,757972.29,South,2025-10-14,5,774.55,3872.75
Laptop,757972.29,South,2025-10-15,5,568.05,2840.25
Laptop,757972.29,West,2025-10-17,8,315.41,2523.28
Laptop,757972.29,South,2025-10-19,5,678.91,3394.5499999999997
Laptop,757972.29,North,2025-10-20,6,939.39,5636.34
Laptop,757972.29,East,2025-10-20,9,280.64,2525.7599999999998
Laptop,757972.29,South,2025-10-21,5,310.74,1553.7
Laptop,757972.29,South,2025-10-22,9,79.02,711.18
Laptop,757972.29,West,2025-10-26,3,862.12,2586.36
Laptop,757972.29,North,2025-10-27,9,1035.91,9323.19
Laptop,757972.29,South,2025-10-29,5,191.72,958.6
Laptop,757972.29,South,2025-10-30,9,146.51,1318.59
Laptop,757972.29,South,2025-10-31,3,741.27,2223.81
Laptop,757972.29,West,2025-11-04,2,1043.19,2086.38
Laptop,757972.29,West,2025-11-04,3,414.03,1242.09
Laptop,757972.29,North,2025-11-05,9,87.51,787.59
Laptop,757972.29,East,2025-11-08,6,433.65,2601.8999999999996
Laptop,757972.29,West,2025-11-08,7,1087.57,7612.99
Laptop,757972.29,West,2025-11-09,7,325.99,2281.9300000000003
Laptop,757972.29,East,2025-11-10,7,140.34,982.38
Laptop,757972.29,East,2025-11-10,8,483.53,3868.24
Laptop,757972.29,East,2025-11-10,1,573.96,573.96
Laptop,757972.29,East,2025-11-12,10,911.8,9118.0
Laptop,757972.29,East,2025-11-12,9,910.01,8190.09
Laptop,757972.29,East,2025-11-12,1,1065.14,1065.14
Laptop,757972.29,North,2025-11-17,7,601.15,4208.05
Laptop,757972.29,North,2025-11-17,3,560.44,1681.3200000000002
Laptop,757972.29,North,2025-11-21,4,1092.56,4370.24
Laptop,757972.29,South,2025-11-27,8,128.58,1028.64
Laptop,757972.29,East,2025-11-28,10,645.24,6452.4
Laptop,757972.29,South,2025-12-01,8,781.45,6251.6
Laptop,757972.29,South,2025-12-02,4,988.87,3955.48
Laptop,757972.29,North,2025-12-03,2,889.17,1778.34
Laptop,757972.29,North,2025-12-09,6,904.25,5425.5
Laptop,757972.29,North,2025-12-10,6,850.17,5101.0199999999995
Laptop,757972.29,East,2025-12-11,5,59.16,295.79999999999995
Laptop,757972.29,North,2025-12-13,2,862.68,1725.36
Laptop,757972.29,West,2025-12-15,9,184.46,1660.14
Laptop,757972.29,East,2025-12-16,8,389.33,3114.64
Laptop,757972.29,South,2025-12-16,5,596.19,2980.9500000000003
Laptop,757972.29,North,2025-12-18,3,113.51,340.53000000000003
Laptop,757972.29,East,2025-12-19,6,340.72,2044.3200000000002
Laptop,757972.29,North,2025-12-19,4,779.84,3119.36
Laptop,757972.29,West,2025-12-20,4,1113.2,4452.8
Laptop,757972.29,East,2025-12-22,8,639.63,5117.04
Laptop,757972.29,North,2025-12-26,1,853.31,853.31
Laptop,757972.29,East,2025-12-26,4,775.17,3100.68
Laptop,757972.29,West,2025-12-27,6,480.65,2883.8999999999996
Laptop,757972.29,South,2025-12-28,7,751.43,5260.009999999999
Laptop,757972.29,South,2025-12-30,2,951.03,1902.06
Monitor,673413.33,North,2025-01-02,8,490.78,3926.24
Monitor,673413.33,North,2025-01-04,10,1010.33,10103.300000000001
Monitor,673413.33,West,2025-01-07,3,638.38,1915.1399999999999
Monitor,673413.33,East,2025-01-08,5,1133.74,5668.7
Monitor,673413.33,North,2025-01-08,6,1120.66,6723.960000000001
Monitor,673413.33,South,2025-01-09,8,738.67,5909.36
Monitor,673413.33,North,2025-01-10,10,728.77,7287.7
Monitor,673413.33,South,2025-01-12,3,1130.6,3391.7999999999997
Monitor,673413.33,West,2025-01-12,9,341.89,3077.0099999999998
Monitor,673413.33,West,2025-01-14,10,120.53,1205.3
Monitor,673413.33,North,2025-01-14,6,940.45,5642.700000000001
Monitor,673413.33,East,2025-01-19,3,709.21,2127.63
Monitor,673413.33,East,2025-01-24,3,297.83,893.49
Monitor,673413.33,South,2025-01-31,3,580.75,1742.25
Monitor,673413.33,West,2025-02-04,3,408.78,1226.34
Monitor,673413.33,East,2025-02-04,2,313.0,626.0
Monitor,673413.33,South,2025-02-05,7,824.23,5769.610000000001
Monitor,673413.33,East,2025-02-11,10,390.33,3903.2999999999997
Monitor,673413.33,North,2025-02-11,4,119.7,478.8
Monitor,673413.33,East,2025-02-12,3,583.59,1750.77
Monitor,673413.33,South,2025-02-18,6,1142.38,6854.280000000001
Monitor,673413.33,West,2025-02-18,6,73.6,441.59999999999997
Monitor,673413.33,West,2025-02-19,6,927.57,5565.42
Monitor,673413.33,East,2025-02-23,9,864.34,7779.06
Monitor,673413.33,West,2025-03-03,2,405.3,810.6
Monitor,673413.33,South,2025-03-04,7,69.72,488.03999999999996
Monitor,673413.33,East,2025-03-07,5,340.74,1703.7
Monitor,673413.33,South,2025-03-07,1,862.63,862.63
Monitor,673413.33,West,2025-03-09,2,1042.42,2084.84
Monitor,673413.33,North,2025-03-10,9,1188.92,10700.28
Monitor,673413.33,West,2025-03-15,7,936.35,6554.45
Monitor,673413.33,South,2025-03-18,1,1003.2,1003.2
Monitor,673413.33,East,2025-03-18,2,647.66,1295.32
Monitor,673413.33,South,2025-03-20,1,704.91,704.91
Monitor,673413.33,North,2025-03-23,2,1191.31,2382.62
Monitor,673413.33,South,2025-03-25,5,948.55,4742.75
Monitor,673413.33,East,2025-03-25,10,155.99,1559.9
Monitor,673413.33,West,2025-03-26,8,938.15,7505.2
Monitor,673413.33,South,2025-03-28,5,332.68,1663.4
Monitor,673413.33,West,2025-03-30,2,1175.8,2351.6
Monitor,673413.33,West,2025-03-31,5,458.4,2292.0
Monitor,673413.33,East,2025-03-31,5,951.84,4759.2
Monitor,673413.33,East,2025-03-31,6,954.78,5728.68
Monitor,673413.33,West,2025-04-02,3,943.31,2829.93
Monitor,673413.33,East,2025-04-05,3,1088.67,3266.01
Monitor,673413.33,East,2025-04-05,7,722.37,5056.59
Monitor,673413.33,North,2025-04-06,2,1072.22,2144.44
Monitor,673413.33,North,2025-04-09,5,910.21,4551.05
Monitor,673413.33,North,2025-04-10,6,854.64,5127.84
Monitor,673413.33,West,2025-04-11,10,970.08,9700.800000000001
Monitor,673413.33,South,2025-04-17,3,1040.52,3121.56
Monitor,673413.33,North,2025-04-19,3,452.98,1358.94
Monitor,673413.33,North,2025-04-23,4,1129.85,4519.4
Monitor,673413.33,North,2025-04-25,8,65.37,522.96
Monitor,673413.33,North,2025-04-27,5,910.47,4552.35
Monitor,673413.33,North,2025-04-27,7,829.83,5808.81
Monitor,673413.33,South,2025-05-05,9,589.95,5309.55
Monitor,673413.33,West,2025-05-06,3,969.68,2909.04
Monitor,673413.33,West,2025-05-08,4,650.25,2601.0
Monitor,673413.33,North,2025-05-09,1,355.18,355.18
Monitor,673413.33,North,2025-05-09,10,544.93,5449.299999999999
Monitor,673413.33,West,2025-05-10,7,527.53,3692.71
Monitor,673413.33,East,2025-05-10,2,814.92,1629.84
Monitor,673413.33,East,2025-05-11,1,81.65,81.65
Monitor,673413.33,South,2025-05-12,4,1117.64,4470.56
Monitor,673413.33,South,2025-05-12,3,965.41,2896.23
Monitor,673413.33,North,2025-05-13,7,465.97,3261.79
Monitor,673413.33,North,2025-05-14,10,232.48,2324.7999999999997
Monitor,673413.33,East,2025-05-16,6,459.23,2755.38
Monitor,673413.33,North,2025-05-16,9,767.0,6903.0
Monitor,673413.33,South,2025-05-16,6,196.49,1178.94
Monitor,673413.33,East,2025-05-16,10,293.68,2936.8
Monitor,673413.33,North,2025-05-18,4,336.88,1347.52
Monitor,673413.33,North,2025-05-20,7,1003.71,7025.97
Monitor,673413.33,South,2025-05-22,3,99.26,297.78000000000003
Monitor,673413.33,South,2025-05-23,3,787.88,2363.64
Monitor,673413.33,South,2025-05-23,3,568.29,1704.87
Monitor,673413.33,North,2025-05-27,10,893.51,8935.1
Monitor,673413.33,East,2025-05-29,3,1052.19,3156.57
Monitor,673413.33,North,2025-05-30,4,709.92,2839.68
Monitor,673413.33,South,2025-05-31,10,980.11,9801.1
Monitor,673413.33,North,2025-05-31,10,1088.79,10887.9
Monitor,673413.33,South,2025-06-01,8,373.19,2985.52
Monitor,673413.33,South,2025-06-02,5,673.29,3366.45
Monitor,673413.33,South,2025-06-03,4,479.23,1916.92
Monitor,673413.33,North,2025-06-03,1,585.53,585.53
Monitor,673413.33,East,2025-06-04,5,56.15,280.75
Monitor,673413.33,North,2025-06-06,9,1179.19,10612.710000000001
Monitor,673413.33,South,2025-06-07,4,851.87,3407.48
Monitor,673413.33,South,2025-06-08,8,135.15,1081.2
Monitor,673413.33,West,2025-06-08,7,736.89,5158.23
Monitor,673413.33,East,2025-06-08,6,541.63,3249.7799999999997
Monitor,673413.33,North,2025-06-13,2,163.37,326.74
Monitor,673413.33,North,2025-06-13,1,719.47,719.47
Monitor,673413.33,East,2025-06-14,4,162.97,651.88
Monitor,673413.33,North,2025-06-16,7,563.13,3941.91
Monitor,673413.33,North,2025-06-22,1,603.78,603.78
Monitor,673413.33,South,2025-06-26,9,996.63,8969.67
Monitor,673413.33,South,2025-06-27,8,68.1,544.8
Monitor,673413.33,East,2025-07-02,1,872.46,872.46
Monitor,673413.33,East,2025-07-04,8,604.6,4836.8
Monitor,673413.33,North,2025-07-07,10,254.57,2545.7
Monitor,673413.33,West,2025-07-07,4,801.39,3205.56
Monitor,673413.33,East,2025-07-08,5,953.49,4767.45
Monitor,673413.33,East,2025-07-10,3,438.1,1314.3000000000002
Monitor,673413.33,West,2025-07-11,2,893.97,1787.94
Monitor,673413.33,West,2025-07-12,4,270.14,1080.56
Monitor,673413.33,South,2025-07-17,1,604.88,604.88
Monitor,673413.33,North,2025-07-19,3,333.23,999.69
Monitor,673413.33,East,2025-07-21,4,849.97,3399.88
Monitor,673413.33,South,2025-07-23,4,501.71,2006.84
Monitor,673413.33,South,2025-07-27,2,952.08,1904.16
Monitor,673413.33,North,2025-07-28,6,825.56,4953.36
Monitor,673413.33,North,2025-07-30,2,770.27,1540.54
Monitor,673413.33,South,2025-07-30,5,494.27,2471.35
Monitor,673413.33,West,2025-08-01,5,813.83,4069.15
Monitor,673413.33,East,2025-08-01,2,697.82,1395.64
Monitor,673413.33,West,2025-08-02,1,532.3,532.3
Monitor,673413.33,East,2025-08-04,9,911.84,8206.56
Monitor,673413.33,East,2025-08-04,2,692.83,1385.66
Monitor,673413.33,East,2025-08-08,6,625.09,3750.54
Monitor,673413.33,North,2025-08-09,10,516.91,5169.099999999999
Monitor,673413.33,West,2025-08-11,6,1155.74,6934.4400000000005
Monitor,673413.33,South,2025-08-12,9,990.53,8914.77
Monitor,673413.33,North,2025-08-16,4,369.85,1479.4
Monitor,673413.33,West,2025-08-17,4,512.69,2050.76
Monitor,673413.33,North,2025-08-17,8,194.16,1553.28
Monitor,673413.33,South,2025-08-19,4,1178.96,4715.84
Monitor,673413.33,East,2025-08-19,6,57.4,344.4
Monitor,673413.33,East,2025-08-20,3,1063.91,3191.7300000000005
Monitor,673413.33,West,2025-08-20,7,550.7,3854.9000000000005
Monitor,673413.33,West,2025-08-22,4,859.7,3438.8
Monitor,673413.33,East,2025-08-22,2,626.74,1253.48
Monitor,673413.33,West,2025-08-26,5,618.88,3094.4
Monitor,673413.33,East,2025-08-26,10,681.74,6817.4
Monitor,673413.33,South,2025-09-03,1,209.2,209.2
Monitor,673413.33,South,2025-09-04,3,126.51,379.53000000000003
Monitor,673413.33,South,2025-09-08,1,1033.49,1033.49
Monitor,673413.33,West,2025-09-14,2,604.15,1208.3
Monitor,673413.33,East,2025-09-15,8,102.12,816.96
Monitor,673413.33,South,2025-09-16,1,1034.55,1034.55
Monitor,673413.33,South,2025-09-17,5,102.04,510.20000000000005
Monitor,673413.33,North,2025-09-18,5,243.34,1216.7
Monitor,673413.33,West,2025-09-20,5,446.5,2232.5
Monitor,673413.33,South,2025-09-20,8,1088.56,8708.48
Monitor,673413.33,East,2025-09-21,3,776.98,2330.94
Monitor,673413.33,East,2025-09-21,10,1028.28,10282.8
Monitor,673413.33,East,2025-09-26,2,357.74,715.48
Monitor,673413.33,South,2025-09-26,1,268.29,268.29
Monitor,673413.33,South,2025-09-27,7,526.64,3686.48
Monitor,673413.33,East,2025-10-03,3,1141.59,3424.7699999999995
Monitor,673413.33,East,2025-10-04,2,951.59,1903.18
Monitor,673413.33,East,2025-10-09,10,929.43,9294.3
Monitor,673413.33,South,2025-10-14,4,926.86,3707.44
Monitor,673413.33,North,2025-10-14,9,183.62,1652.58
Monitor,673413.33,East,2025-10-19,10,563.34,5633.400000000001
Monitor,673413.33,West,2025-10-20,3,479.55,1438.65
Monitor,673413.33,North,2025-10-20,6,178.66,1071.96
Monitor,673413.33,West,2025-10-22,10,389.53,3895.2999999999997
Monitor,673413.33,South,2025-10-27,4,900.32,3601.28
Monitor,673413.33,East,2025-10-27,4,678.69,2714.76
Monitor,673413.33,North,2025-10-27,1,765.35,765.35
Monitor,673413.33,North,2025-10-29,1,544.05,544.05
Monitor,673413.33,East,2025-10-29,7,488.66,3420.6200000000003
Monitor,673413.33,South,2025-10-31,1,108.06,108.06
Monitor,673413.33,West,2025-11-01,7,296.05,2072.35
Monitor,673413.33,East,2025-11-04,4,65.75,263.0
Monitor,673413.33,West,2025-11-06,3,545.75,1637.25
Monitor,673413.33,West,2025-11-06,1,523.04,523.04
Monitor,673413.33,East,2025-11-06,7,576.73,4037.11
Monitor,673413.33,South,2025-11-07,2,523.4,1046.8
Monitor,673413.33,North,2025-11-07,2,159.68,319.36
Monitor,673413.33,North,2025-11-09,3,651.61,1954.83
Monitor,673413.33,South,2025-11-09,6,947.84,5687.04
Monitor,673413.33,North,2025-11-10,3,482.18,1446.54
Monitor,673413.33,South,2025-11-12,6,342.03,2052.18
Monitor,673413.33,North,2025-11-16,8,963.66,7709.28
Monitor,673413.33,North,2025-11-22,7,922.93,6460.509999999999
Monitor,673413.33,South,2025-11-25,8,302.66,2421.28
Monitor,673413.33,South,2025-11-25,7,862.86,6040.02
Monitor,673413.33,West,2025-11-26,6,295.05,1770.3000000000002
Monitor,673413.33,East,2025-11-28,6,308.62,1851.72
Monitor,673413.33,East,2025-11-29,2,194.0,388.0
Monitor,673413.33,North,2025-11-30,2,1180.8,2361.6
Monitor,673413.33,West,2025-12-02,2,1152.27,2304.54
Monitor,673413.33,East,2025-12-03,7,181.6,1271.2
Monitor,673413.33,West,2025-12-07,5,474.9,2374.5
Monitor,673413.33,West,2025-12-08,8,718.17,5745.36
Monitor,673413.33,South,2025-12-08,7,759.49,5316.43
Monitor,673413.33,South,2025-12-08,2,1136.88,2273.76
Monitor,673413.33,North,2025-12-11,4,543.33,2173.32
Monitor,673413.33,South,2025-12-14,10,316.85,3168.5
Monitor,673413.33,North,2025-12-14,1,902.84,902.84
Monitor,673413.33,West,2025-12-16,9,640.65,5765.849999999999
Monitor,673413.33,East,2025-12-17,4,1185.81,4743.24
Monitor,673413.33,West,2025-12-19,3,407.65,1222.9499999999998
Monitor,673413.33,West,2025-12-21,8,102.21,817.68
Monitor,673413.33,West,2025-12-24,6,334.64,2007.84
Monitor,673413.33,South,2025-12-25,6,1075.47,6452.82
Monitor,673413.33,North,2025-12-26,4,373.01,1492.04
Monitor,673413.33,North,2025-12-27,6,1058.96,6353.76
Monitor,673413.33,North,2025-12-27,6,772.7,4636.200000000001
Monitor,673413.33,West,2025-12-28,6,1008.69,6052.14
Monitor,673413.33,South,2025-12-28,10,641.89,6418.9
Monitor,673413.33,East,2025-12-30,7,146.95,1028.6499999999999
Monitor,673413.33,North,2025-12-31,10,1131.25,11312.5
Tablet,652597.85,South,2025-01-02,2,881.6,1763.2
Tablet,652597.85,North,2025-01-03,8,975.47,7803.76
Tablet,652597.85,West,2025-01-03,2,388.04,776.08
Tablet,652597.85,North,2025-01-05,1,237.24,237.24
Tablet,652597.85,North,2025-01-05,3,1184.18,3552.54
Tablet,652597.85,South,2025-01-08,9,131.53,1183.77
Tablet,652597.85,West,2025-01-11,10,1056.72,10567.2
Tablet,652597.85,East,2025-01-12,8,370.23,2961.84
Tablet,652597.85,West,2025-01-12,1,597.04,597.04
Tablet,652597.85,West,2025-01-12,3,967.18,2901.54
Tablet,652597.85,West,2025-01-13,6,924.49,5546.9400000000005
Tablet,652597.85,South,2025-01-14,8,979.52,7836.16
Tablet,652597.85,West,2025-01-17,5,571.62,2858.1
Tablet,652597.85,East,2025-01-22,5,1122.17,5610.85
Tablet,652597.85,North,2025-01-24,9,432.04,3888.36
Tablet,652597.85,North,2025-01-25,7,308.8,2161.6
Tablet,652597.85,North,2025-01-25,5,1078.84,5394.2
Tablet,652597.85,South,2025-01-25,1,663.24,663.24
Tablet,652597.85,West,2025-01-26,7,334.2,2339.4
Tablet,652597.85,South,2025-01-27,10,526.95,5269.5
Tablet,652597.85,East,2025-01-28,1,684.66,684.66
Tablet,652597.85,East,2025-01-29,9,240.1,2160.9
Tablet,652597.85,South,2025-01-30,8,440.74,3525.92
Tablet,652597.85,South,2025-01-30,7,1186.8,8307.6
Tablet,652597.85,South,2025-01-31,8,465.77,3726.16
Tablet,652597.85,West,2025-02-01,2,1131.48,2262.96
Tablet,652597.85,South,2025-02-07,1,316.28,316.28
Tablet,652597.85,North,2025-02-09,3,399.63,1198.8899999999999
Tablet,652597.85,North,2025-02-11,4,391.3,1565.2
Tablet,652597.85,West,2025-02-13,3,193.89,581.67
Tablet,652597.85,North,2025-02-18,4,63.22,252.88
Tablet,652597.85,West,2025-02-19,1,874.69,874.69
Tablet,652597.85,North,2025-02-20,1,957.82,957.82
Tablet,652597.85,West,2025-02-21,3,130.27,390.81000000000006
Tablet,652597.85,East,2025-02-28,9,495.32,4457.88
Tablet,652597.85,East,2025-03-06,3,859.36,2578.08
Tablet,652597.85,North,2025-03-08,3,426.68,1280.04
Tablet,652597.85,West,2025-03-10,7,835.97,5851.79
Tablet,652597.85,East,2025-03-11,6,939.59,5637.54
Tablet,652597.85,South,2025-03-12,3,969.68,2909.04
Tablet,652597.85,South,2025-03-14,6,719.51,4317.0599999999995
Tablet,652597.85,West,2025-03-14,10,853.06,8530.599999999999
Tablet,652597.85,South,2025-03-14,1,186.18,186.18
Tablet,652597.85,South,2025-03-14,7,1173.67,8215.69
Tablet,652597.85,East,2025-03-16,9,388.41,3495.69
Tablet,652597.85,South,2025-03-17,9,1099.87,9898.829999999998
Tablet,652597.85,South,2025-03-19,9,364.0,3276.0
Tablet,652597.85,North,2025-03-23,5,870.22,4351.1
Tablet,652597.85,South,2025-03-24,6,158.48,950.8799999999999
Tablet,652597.85,North,2025-03-27,7,499.18,3494.26
Tablet,652597.85,West,2025-03-28,10,298.66,2986.6000000000004
Tablet,652597.85,North,2025-04-03,4,721.09,2884.36
Tablet,652597.85,West,2025-04-07,3,722.17,2166.5099999999998
Tablet,652597.85,West,2025-04-11,4,1155.33,4621.32
Tablet,652597.85,North,2025-04-12,9,250.19,2251.71
Tablet,652597.85,West,2025-04-12,5,901.19,4505.950000000001
Tablet,652597.85,West,2025-04-14,9,322.65,2903.85
Tablet,652597.85,East,2025-04-18,7,385.22,2696.54
Tablet,652597.85,East,2025-04-21,10,1195.86,11958.599999999999
Tablet,652597.85,South,2025-04-22,6,757.54,4545.24
Tablet,652597.85,East,2025-04-22,2,687.89,1375.78
Tablet,652597.85,North,2025-04-27,8,771.61,6172.88
Tablet,652597.85,East,2025-04-27,3,776.39,2329.17
Tablet,652597.85,North,2025-04-28,8,487.79,3902.32
Tablet,652597.85,South,2025-04-29,8,1082.97,8663.76
Tablet,652597.85,West,2025-05-01,10,102.27,1022.6999999999999
Tablet,652597.85,West,2025-05-01,2,258.98,517.96
Tablet,652597.85,East,2025-05-01,1,518.78,518.78
Tablet,652597.85,East,2025-05-04,10,253.77,2537.7000000000003
Tablet,652597.85,North,2025-05-04,5,1195.7,5978.5
Tablet,652597.85,East,2025-05-05,7,1000.76,7005.32
Tablet,652597.85,South,2025-05-07,7,102.97,720.79
Tablet,652597.85,North,2025-05-09,2,1125.59,2251.18
Tablet,652597.85,North,2025-05-09,2,171.73,343.46
Tablet,652597.85,East,2025-05-18,9,554.23,4988.07
Tablet,652597.85,South,2025-05-21,4,107.52,430.08
Tablet,652597.85,West,2025-05-24,3,734.02,2202.06
Tablet,652597.85,East,2025-05-26,2,1190.45,2380.9
Tablet,652597.85,North,2025-05-28,7,197.13,1379.9099999999999
Tablet,652597.85,East,2025-05-29,8,362.07,2896.56
Tablet,652597.85,North,2025-05-30,5,777.05,3885.25
Tablet,652597.85,East,2025-05-30,1,753.04,753.04
Tablet,652597.85,South,2025-05-30,7,1050.05,7350.349999999999
Tablet,652597.85,East,2025-06-05,5,1162.35,5811.75
Tablet,652597.85,East,2025-06-07,5,811.86,4059.3
Tablet,652597.85,East,2025-06-09,7,316.55,2215.85
Tablet,652597.85,West,2025-06-09,6,629.6,3777.6000000000004
Tablet,652597.85,West,2025-06-09,8,223.2,1785.6
Tablet,652597.85,South,2025-06-10,9,168.59,1517.31
Tablet,652597.85,West,2025-06-11,1,387.84,387.84
Tablet,652597.85,West,2025-06-18,3,679.95,2039.8500000000001
Tablet,652597.85,East,2025-06-20,2,199.43,398.86
Tablet,652597.85,East,2025-06-22,1,1172.62,1172.62
Tablet,652597.85,South,2025-06-22,1,582.58,582.58
Tablet,652597.85,South,2025-06-22,7,783.65,5485.55
Tablet,652597.85,West,2025-06-24,3,72.77,218.31
Tablet,652597.85,West,2025-06-24,5,232.88,1164.4
Tablet,652597.85,North,2025-06-27,10,1145.34,11453.4
Tablet,652597.85,South,2025-06-30,2,600.27,1200.54
Tablet,652597.85,North,2025-07-01,1,1134.06,1134.06
Tablet,652597.85,West,2025-07-03,3,871.57,2614.71
Tablet,652597.85,North,2025-07-05,3,579.0,1737.0
Tablet,652597.85,East,2025-07-07,6,113.85,683.0999999999999
Tablet,652597.85,West,2025-07-09,1,1000.65,1000.65
Tablet,652597.85,North,2025-07-09,1,1018.67,1018.67
Tablet,652597.85,West,2025-07-09,6,943.32,5659.92
Tablet,652597.85,West,2025-07-11,8,448.92,3591.36
Tablet,652597.85,West,2025-07-14,5,222.04,1110.2
Tablet,652597.85,West,2025-07-15,7,330.29,2312.03
Tablet,652597.85,West,2025-07-17,9,556.07,5004.63
Tablet,652597.85,West,2025-07-27,6,1063.8,6382.799999999999
Tablet,652597.85,West,2025-08-01,5,589.68,2948.3999999999996
Tablet,652597.85,West,2025-08-01,9,1032.4,9291.6
Tablet,652597.85,North,2025-08-03,8,1123.1,8984.8
Tablet,652597.85,West,2025-08-04,10,449.01,4490.1
Tablet,652597.85,West,2025-08-05,2,671.84,1343.68
Tablet,652597.85,East,2025-08-05,5,245.63,1228.15
Tablet,652597.85,East,2025-08-07,5,938.39,4691.95
Tablet,652597.85,South,2025-08-08,7,1042.99,7300.93
Tablet,652597.85,West,2025-08-08,4,1101.94,4407.76
Tablet,652597.85,South,2025-08-09,7,716.69,5016.83
Tablet,652597.85,West,2025-08-11,6,1145.83,6874.98
Tablet,652597.85,South,2025-08-12,9,336.95,3032.5499999999997
Tablet,652597.85,East,2025-08-14,10,250.38,2503.8
Tablet,652597.85,South,2025-08-19,3,406.6,1219.8000000000002
Tablet,652597.85,West,2025-08-21,3,693.52,2080.56
Tablet,652597.85,South,2025-08-23,5,513.19,2565.9500000000003
Tablet,652597.85,East,2025-08-25,3,993.69,2981.07
Tablet,652597.85,North,2025-08-25,10,939.99,9399.9
Tablet,652597.85,North,2025-08-25,1,749.67,749.67
Tablet,652597.85,South,2025-08-26,10,528.57,5285.700000000001
Tablet,652597.85,East,2025-08-27,7,458.09,3206.6299999999997
Tablet,652597.85,East,2025-08-31,5,1086.59,5432.95
Tablet,652597.85,South,2025-08-31,3,1061.42,3184.26
Tablet,652597.85,North,2025-08-31,10,820.54,8205.4
Tablet,652597.85,East,2025-09-06,2,452.44,904.88
Tablet,652597.85,North,2025-09-08,5,213.5,1067.5
Tablet,652597.85,North,2025-09-12,4,137.95,551.8
Tablet,652597.85,East,2025-09-15,1,1177.5,1177.5
Tablet,652597.85,West,2025-09-15,2,759.8,1519.6
Tablet,652597.85,West,2025-09-17,10,279.82,2798.2
Tablet,652597.85,South,2025-09-19,5,169.23,846.15
Tablet,652597.85,North,2025-09-21,8,1032.36,8258.88
Tablet,652597.85,South,2025-09-21,6,830.83,4984.9800000000005
Tablet,652597.85,North,2025-09-25,5,104.79,523.95
Tablet,652597.85,East,2025-09-26,8,229.38,1835.04
Tablet,652597.85,South,2025-09-28,5,284.63,1423.15
Tablet,652597.85,East,2025-09-29,1,1187.6,1187.6
Tablet,652597.85,South,2025-10-03,6,494.14,2964.84
Tablet,652597.85,South,2025-10-04,8,449.63,3597.04
Tablet,652597.85,East,2025-10-04,2,159.14,318.28
Tablet,652597.85,North,2025-10-07,10,1053.97,10539.7
Tablet,652597.85,North,2025-10-17,1,499.28,499.28
Tablet,652597.85,East,2025-10-18,7,52.32,366.24
Tablet,652597.85,North,2025-10-20,4,759.84,3039.36
Tablet,652597.85,East,2025-10-20,4,230.93,923.72
Tablet,652597.85,South,2025-10-22,6,718.63,4311.78
Tablet,652597.85,North,2025-10-24,1,694.67,694.67
Tablet,652597.85,North,2025-10-25,10,729.0,7290.0
Tablet,652597.85,East,2025-10-28,8,516.61,4132.88
Tablet,652597.85,East,2025-10-28,5,768.78,3843.8999999999996
Tablet,652597.85,West,2025-10-28,8,363.89,2911.12
Tablet,652597.85,West,2025-10-29,4,249.34,997.36
Tablet,652597.85,South,2025-10-29,8,1073.57,8588.56
Tablet,652597.85,South,2025-11-06,2,883.0,1766.0
Tablet,652597.85,South,2025-11-08,9,1028.04,9252.36
Tablet,652597.85,West,2025-11-10,3,477.21,1431.6299999999999
Tablet,652597.85,South,2025-11-12,9,822.86,7405.74
Tablet,652597.85,West,2025-11-13,7,66.32,464.23999999999995
Tablet,652597.85,West,2025-11-14,8,553.1,4424.8
Tablet,652597.85,West,2025-11-15,4,762.56,3050.24
Tablet,652597.85,South,2025-11-15,7,672.15,4705.05
Tablet,652597.85,East,2025-11-20,6,746.31,4477.86
Tablet,652597.85,East,2025-11-21,8,284.12,2272.96
Tablet,652597.85,South,2025-11-24,9,479.59,4316.3099999999995
Tablet,652597.85,North,2025-11-30,1,466.5,466.5
Tablet,652597.85,North,2025-12-05,9,247.93,2231.37
Tablet,652597.85,West,2025-12-11,5,1165.77,5828.85
Tablet,652597.85,West,2025-12-11,2,1080.45,2160.9
Tablet,652597.85,East,2025-12-11,7,286.21,2003.4699999999998
Tablet,652597.85,West,2025-12-13,1,1112.63,1112.63
Tablet,652597.85,West,2025-12-14,7,607.0,4249.0
Tablet,652597.85,South,2025-12-16,8,213.59,1708.72
Tablet,652597.85,East,2025-12-18,7,772.19,5405.33
Tablet,652597.85,East,2025-12-18,9,1024.36,9219.24
Tablet,652597.85,North,2025-12-25,9,504.49,4540.41
Tablet,652597.85,South,2025-12-25,10,182.02,1820.2
Tablet,652597.85,South,2025-12-25,9,1110.72,9996.48
Tablet,652597.85,North,2025-12-28,6,740.32,4441.92
Tablet,652597.85,South,2025-12-30,9,946.99,8522.91
Smartphone,612453.92,West,2025-01-01,8,694.11,5552.88
Smartphone,612453.92,East,2025-01-03,10,378.34,3783.3999999999996
Smartphone,612453.92,East,2025-01-03,10,415.76,4157.6
Smartphone,612453.92,West,2025-01-07,7,743.52,5204.639999999999
Smartphone,612453.92,East,2025-01-07,7,548.14,3836.98
Smartphone,612453.92,East,2025-01-13,3,778.03,2334.09
Smartphone,612453.92,West,2025-01-14,4,269.79,1079.16
Smartphone,612453.92,East,2025-01-19,4,908.79,3635.16
Smartphone,612453.92,East,2025-01-19,3,843.25,2529.75
Smartphone,612453.92,South,2025-01-19,4,901.72,3606.88
Smartphone,612453.92,North,2025-01-20,5,1022.73,5113.65
Smartphone,612453.92,West,2025-01-20,4,799.24,3196.96
Smartphone,612453.92,South,2025-01-21,6,643.01,3858.06
Smartphone,612453.92,South,2025-01-23,9,438.3,3944.7000000000003
Smartphone,612453.92,North,2025-01-29,4,1063.86,4255.44
Smartphone,612453.92,South,2025-02-05,2,1038.8,2077.6
Smartphone,612453.92,West,2025-02-08,2,186.27,372.54
Smartphone,612453.92,East,2025-02-08,4,541.62,2166.48
Smartphone,612453.92,West,2025-02-09,4,998.51,3994.04
Smartphone,612453.92,South,2025-02-11,2,66.82,133.64
Smartphone,612453.92,West,2025-02-17,1,1146.57,1146.57
Smartphone,612453.92,North,2025-02-18,3,922.28,2766.84
Smartphone,612453.92,North,2025-02-19,1,954.5,954.5
Smartphone,612453.92,East,2025-02-19,7,284.22,1989.5400000000002
Smartphone,612453.92,North,2025-02-20,1,856.0,856.0
Smartphone,612453.92,West,2025-02-20,1,744.37,744.37
Smartphone,612453.92,West,2025-02-22,5,953.06,4765.299999999999
Smartphone,612453.92,East,2025-02-24,10,1148.07,11480.699999999999
Smartphone,612453.92,South,2025-02-26,3,137.01,411.03
Smartphone,612453.92,South,2025-02-28,7,1170.53,8193.71
Smartphone,612453.92,South,2025-03-01,9,271.16,2440.44
Smartphone,612453.92,West,2025-03-09,3,999.81,2999.43
Smartphone,612453.92,North,2025-03-09,1,643.89,643.89
Smartphone,612453.92,West,2025-03-10,9,343.11,3087.9900000000002
Smartphone,612453.92,East,2025-03-10,4,608.69,2434.76
Smartphone,612453.92,South,2025-03-11,9,241.97,2177.73
Smartphone,612453.92,North,2025-03-12,8,1034.97,8279.76
Smartphone,612453.92,South,2025-03-13,3,291.53,874.5899999999999
Smartphone,612453.92,East,2025-03-16,5,310.75,1553.75
Smartphone,612453.92,South,2025-03-17,1,829.17,829.17
Smartphone,612453.92,East,2025-03-18,5,617.53,3087.6499999999996
Smartphone,612453.92,East,2025-03-20,4,658.03,2632.12
Smartphone,612453.92,North,2025-03-20,6,844.28,5065.68
Smartphone,612453.92,South,2025-03-21,9,916.9,8252.1
Smartphone,612453.92,North,2025-03-23,4,215.53,862.12
Smartphone,612453.92,South,2025-03-25,7,90.26,631.82
Smartphone,612453.92,South,2025-03-26,1,581.12,581.12
Smartphone,612453.92,East,2025-03-27,5,264.95,1324.75
Smartphone,612453.92,South,2025-03-27,10,639.83,6398.3
Smartphone,612453.92,West,2025-03-28,2,481.76,963.52
Smartphone,612453.92,North,2025-03-29,3,744.43,2233.29
Smartphone,612453.92,North,2025-03-31,5,1125.45,5627.25
Smartphone,612453.92,South,2025-04-03,8,73.77,590.16
Smartphone,612453.92,South,2025-04-06,4,122.61,490.44
Smartphone,612453.92,West,2025-04-10,4,500.6,2002.4
Smartphone,612453.92,West,2025-04-12,2,957.85,1915.7
Smartphone,612453.92,West,2025-04-14,10,521.2,5212.0
Smartphone,612453.92,North,2025-04-15,2,397.85,795.7
Smartphone,612453.92,East,2025-04-16,10,478.03,4780.299999999999
Smartphone,612453.92,North,2025-04-23,3,696.94,2090.82
Smartphone,612453.92,East,2025-04-24,8,1059.68,8477.44
Smartphone,612453.92,South,2025-04-26,10,1182.57,11825.699999999999
Smartphone,612453.92,South,2025-04-26,9,1104.09,9936.81
Smartphone,612453.92,East,2025-04-26,5,1144.16,5720.8
Smartphone,612453.92,East,2025-04-28,5,866.65,4333.25
Smartphone,612453.92,North,2025-04-29,9,681.71,6135.39
Smartphone,612453.92,West,2025-04-29,4,651.17,2604.68
Smartphone,612453.92,North,2025-04-29,3,154.33,462.99
Smartphone,612453.92,East,2025-05-06,1,828.73,828.73
Smartphone,612453.92,North,2025-05-10,7,786.73,5507.110000000001
Smartphone,612453.92,North,2025-05-13,8,942.3,7538.4
Smartphone,612453.92,North,2025-05-16,9,736.66,6629.94
Smartphone,612453.92,West,2025-05-17,3,1132.76,3398.2799999999997
Smartphone,612453.92,South,2025-05-19,5,1075.68,5378.400000000001
Smartphone,612453.92,East,2025-05-21,1,994.9,994.9
Smartphone,612453.92,East,2025-05-23,7,362.22,2535.54
Smartphone,612453.92,East,2025-05-26,1,1113.25,1113.25
Smartphone,612453.92,West,2025-05-26,10,526.69,5266.900000000001
Smartphone,612453.92,North,2025-05-29,8,184.56,1476.48
Smartphone,612453.92,East,2025-06-01,4,632.28,2529.12
Smartphone,612453.92,South,2025-06-01,9,722.84,6505.56
Smartphone,612453.92,South,2025-06-02,7,374.21,2619.47
Smartphone,612453.92,North,2025-06-07,5,499.37,2496.85
Smartphone,612453.92,South,2025-06-08,6,287.15,1722.8999999999999
Smartphone,612453.92,South,2025-06-13,10,559.8,5598.0
Smartphone,612453.92,South,2025-06-20,1,476.84,476.84
Smartphone,612453.92,South,2025-06-21,2,554.96,1109.92
Smartphone,612453.92,North,2025-06-21,8,1054.78,8438.24
Smartphone,612453.92,East,2025-06-21,9,279.13,2512.17
Smartphone,612453.92,South,2025-06-22,3,1130.92,3392.76
Smartphone,612453.92,East,2025-06-27,2,406.5,813.0
Smartphone,612453.92,West,2025-06-30,4,1019.77,4079.08
Smartphone,612453.92,East,2025-06-30,6,1040.2,6241.200000000001
Smartphone,612453.92,North,2025-07-02,5,116.36,581.8
Smartphone,612453.92,East,2025-07-05,6,111.54,669.24
Smartphone,612453.92,West,2025-07-05,1,1030.93,1030.93
Smartphone,612453.92,East,2025-07-07,4,163.55,654.2
Smartphone,612453.92,North,2025-07-10,3,862.08,2586.2400000000002
Smartphone,612453.92,South,2025-07-15,9,790.9,7118.099999999999
Smartphone,612453.92,West,2025-07-17,7,1090.48,7633.360000000001
Smartphone,612453.92,South,2025-07-21,1,1015.79,1015.79
Smartphone,612453.92,West,2025-07-22,8,636.67,5093.36
Smartphone,612453.92,North,2025-07-22,3,821.28,2463.84
Smartphone,612453.92,South,2025-07-25,1,869.69,869.69
Smartphone,612453.92,East,2025-07-26,9,220.4,1983.6000000000001
Smartphone,612453.92,North,2025-07-27,3,869.9,2609.7
Smartphone,612453.92,West,2025-07-28,3,181.43,544.29
Smartphone,612453.92,West,2025-07-30,7,401.96,2813.72
Smartphone,612453.92,South,2025-08-01,9,1080.05,9720.449999999999
Smartphone,612453.92,North,2025-08-02,2,758.76,1517.52
Smartphone,612453.92,South,2025-08-06,2,661.67,1323.34
Smartphone,612453.92,South,2025-08-08,10,544.62,5446.2
Smartphone,612453.92,East,2025-08-09,3,780.76,2342.2799999999997
Smartphone,612453.92,North,2025-08-09,6,1116.46,6698.76
Smartphone,612453.92,North,2025-08-11,7,60.01,420.07
Smartphone,612453.92,North,2025-08-11,5,588.58,2942.9
Smartphone,612453.92,North,2025-08-15,8,284.79,2278.32
Smartphone,612453.92,East,2025-08-16,7,819.7,5737.900000000001
Smartphone,612453.92,North,2025-08-17,2,727.27,1454.54
Smartphone,612453.92,South,2025-08-17,8,189.72,1517.76
Smartphone,612453.92,West,2025-08-18,4,1102.21,4408.84
Smartphone,612453.92,North,2025-08-19,4,528.34,2113.36
Smartphone,612453.92,North,2025-08-19,6,67.45,404.70000000000005
Smartphone,612453.92,East,2025-08-19,1,409.03,409.03
Smartphone,612453.92,South,2025-08-24,1,1073.37,1073.37
Smartphone,612453.92,East,2025-08-27,10,829.09,8290.9
Smartphone,612453.92,East,2025-08-29,2,1044.97,2089.94
Smartphone,612453.92,North,2025-08-29,9,880.22,7921.9800000000005
Smartphone,612453.92,South,2025-08-30,6,162.14,972.8399999999999
Smartphone,612453.92,South,2025-08-31,8,914.54,7316.32
Smartphone,612453.92,North,2025-09-02,2,1042.61,2085.22
Smartphone,612453.92,North,2025-09-02,4,632.67,2530.68
Smartphone,612453.92,North,2025-09-09,9,971.55,8743.949999999999
Smartphone,612453.92,East,2025-09-13,10,288.36,2883.6000000000004
Smartphone,612453.92,North,2025-09-13,9,176.57,1589.1299999999999
Smartphone,612453.92,North,2025-09-13,4,726.78,2907.12
Smartphone,612453.92,East,2025-09-13,1,202.54,202.54
Smartphone,612453.92,East,2025-09-15,4,1032.91,4131.64
Smartphone,612453.92,East,2025-09-18,9,528.65,4757.849999999999
Smartphone,612453.92,East,2025-09-18,7,279.43,1956.01
Smartphone,612453.92,North,2025-09-19,6,458.3,2749.8
Smartphone,612453.92,South,2025-09-21,5,942.96,4714.8
Smartphone,612453.92,East,2025-09-23,5,951.34,4756.7
Smartphone,612453.92,North,2025-09-23,5,263.18,1315.9
Smartphone,612453.92,East,2025-09-24,3,184.63,553.89
Smartphone,612453.92,West,2025-09-26,1,201.4,201.4
Smartphone,612453.92,South,2025-09-30,7,292.4,2046.7999999999997
Smartphone,612453.92,South,2025-09-30,6,505.06,3030.36
Smartphone,612453.92,South,2025-10-02,3,1098.25,3294.75
Smartphone,612453.92,West,2025-10-04,9,991.13,8920.17
Smartphone,612453.92,South,2025-10-06,1,734.66,734.66
Smartphone,612453.92,North,2025-10-07,7,492.52,3447.64
Smartphone,612453.92,East,2025-10-08,4,313.55,1254.2
Smartphone,612453.92,North,2025-10-08,5,648.09,3240.4500000000003
Smartphone,612453.92,South,2025-10-13,10,938.93,9389.3
Smartphone,612453.92,South,2025-10-15,1,672.58,672.58
Smartphone,612453.92,North,2025-10-15,1,53.61,53.61
Smartphone,612453.92,South,2025-10-15,9,101.71,915.39
Smartphone,612453.92,West,2025-10-16,3,1179.36,3538.08
Smartphone,612453.92,South,2025-10-17,1,83.93,83.93
Smartphone,612453.92,East,2025-10-18,6,297.65,1785.8999999999999
Smartphone,612453.92,North,2025-10-24,5,979.29,4896.45
Smartphone,612453.92,East,2025-10-30,6,305.19,1831.1399999999999
Smartphone,612453.92,West,2025-10-30,9,239.62,2156.58
Smartphone,612453.92,North,2025-11-01,1,546.09,546.09
Smartphone,612453.92,West,2025-11-02,9,544.04,4896.36
Smartphone,612453.92,West,2025-11-03,9,366.88,3301.92
Smartphone,612453.92,North,2025-11-04,7,1026.56,7185.92
Smartphone,612453.92,East,2025-11-10,6,505.36,3032.16
Smartphone,612453.92,North,2025-11-14,9,576.97,5192.7300000000005
Smartphone,612453.92,East,2025-11-16,3,136.04,408.12
Smartphone,612453.92,North,2025-11-20,9,802.09,7218.81
Smartphone,612453.92,South,2025-11-20,4,470.44,1881.76
Smartphone,612453.92,South,2025-11-22,8,522.49,4179.92
Smartphone,612453.92,East,2025-11-22,6,851.12,5106.72
Smartphone,612453.92,East,2025-11-24,8,132.93,1063.44
Smartphone,612453.92,East,2025-11-27,4,1118.68,4474.72
Smartphone,612453.92,East,2025-11-29,8,519.34,4154.72
Smartphone,612453.92,West,2025-11-30,2,459.37,918.74
Smartphone,612453.92,North,2025-11-30,5,295.4,1477.0
Smartphone,612453.92,North,2025-12-02,3,746.22,2238.66
Smartphone,612453.92,North,2025-12-04,6,580.34,3482.04
Smartphone,612453.92,South,2025-12-09,2,736.29,1472.58
Smartphone,612453.92,West,2025-12-10,8,626.81,5014.48
Smartphone,612453.92,South,2025-12-13,1,402.94,402.94
Smartphone,612453.92,West,2025-12-16,1,877.03,877.03
Smartphone,612453.92,West,2025-12-17,1,399.17,399.17
Smartphone,612453.92,South,2025-12-19,7,831.48,5820.360000000001
Smartphone,612453.92,East,2025-12-20,7,830.73,5815.110000000001
Smartphone,612453.92,North,2025-12-30,4,687.49,2749.96
